state,county,fips,pop_tier,region,date_checked,source_reports_covid,source_reports,dashboard,testing,cases,population,deaths,releases,news_reports,releases_policy,breakdown,breakdown_parole_violations,breakdown_minor_offenses,breakdown_bail,breakdown_time_left,breakdown_vulnerable,breakdown_other,legal_filing,capacity,wave_1_pop_reduction,wave_1_pop_prior,nyt_latest_inmate_population,nyt_total_inmate_cases,nyt_total_inmate_deaths,nyt_total_officer_cases,nyt_total_officer_deaths,vera_pop_first,vera_pop_feb20,vera_pop_may20,bjs_pop,bjs_capacity,pop_coalesce
Florida,Hillsborough County,12057,1,2,2020-08-03,N,N,N,N,N,N,N,N,Y,Policy,Y,N,N,N,N,N,Y,N,,164,,,344,0,149,0,2794,2799,2346,3032,5011,2799
Florida,Palm Beach County,12099,1,2,2020-08-03,N,N,N,N,N,N,N,N,N,,,,,,,,,N,,,,,333,0,176,4,1651,1651,1481,1907,3164,1651
Florida,Pinellas County,12103,1,2,2020-07-28,N,N,N,N,N,N,N,N,N,,,,,,,,,N,3000,,,,250,1,0,0,2985,2985,2154,2938,2915,2985
Florida,Baker County,12003,3,2,2020-07-28,N,N,N,N,N,N,N,N,N,,,,,,,,,N,500,,,,,,,,490,490,510,488,512,490
Florida,Broward County,12011,1,2,2020-07-28,N,N,N,N,N,N,N,N,Y,Releases,Y,N,N,N,N,N,Y,N,1538,2,,,381,2,327,2,3513,3522,3014,3644,5144,3522
Florida,Clay County,12019,2,2,2020-12-02,N,Y,N,N,N,Y,N,N,N,,,,,,,,,N,480,,,,228,0,39,0,397,410,369,,,410
Florida,Flagler County,12035,2,2,2020-07-28,N,N,N,N,N,N,N,N,N,,,,,,,,,N,400,,,,10,0,15,0,172,186,164,,,186
Florida,Gadsden County,12039,3,2,2020-12-02,N,N,N,N,N,N,N,N,N,,,,,,,,,N,157,,,,,,,,498,498,121,,,498
Florida,Jefferson County,12065,3,2,2020-07-28,N,N,N,N,N,N,N,N,N,,,,,,,,,N,,,,,,,,,52,51,37,,,51
Florida,Martin County,12085,2,2,2020-07-28,N,N,N,N,N,N,N,N,N,,,,,,,,,N,,,,,,,,,449,449,384,478,696,449
Florida,Miami-Dade County,12086,1,2,2020-07-28,N,N,N,N,N,N,N,N,Y,Policy,Y,N,N,N,N,N,Y,N,,18,,,1864,3,846,1,4034,4032,3396,4113,5661,4032
Florida,Orange County,12095,1,2,2020-08-03,N,Y,N,N,N,Y,N,N,Y,Releases,Y,N,N,N,N,N,Y,N,592,300,,,470,0,270,0,2339,2340,2004,2565,4721,2340
Florida,Osceola County,12097,2,2,2020-08-03,N,Y,N,N,N,Y,N,N,N,,,,,,,,,N,,,,,,,,,759,758,667,,,758
Florida,Pasco County,12101,1,2,2020-08-03,N,N,N,N,N,N,N,N,N,,,,,,,,,N,,,,,234,0,0,0,1643,1643,1357,1738,1432,1643
Florida,Polk County,12105,1,2,2020-08-03,N,N,N,N,N,N,N,N,N,,,,,,,,,N,,,,,,,,,2554,2555,2180,,,2555
Florida,Sumter County,12119,2,2,2020-08-03,N,Y,N,N,N,Y,N,N,N,,,,,,,,,N,521,,,,,,,,442,430,354,442,527,430
Florida,Taylor County,12123,3,2,2020-08-03,N,N,N,N,N,N,N,N,N,,,,,,,,,N,,,,,,,,,126,126,79,,,126
Florida,Wakulla County,12129,3,2,2020-08-03,N,N,N,N,N,N,N,N,N,,,,,,,,,N,350,,,,,,,,115,114,78,,,114
Louisiana,East Baton Rouge Parish,22033,2,3,2020-10-01,N,N,N,N,N,N,N,N,Y,Mix,Y,N,Y,Y,N,N,N,N,1600,344,1600,,95,0,57,0,1632,1670,1312,1395,1594,1600
Louisiana,Jefferson Parish,22051,2,3,2020-08-25,N,N,N,N,N,N,N,N,N,,,,,,,,,N,1193,,,,,,,,1298,1292,912,895,1085,1292
Louisiana,Lafayette Parish,22055,2,3,2020-08-25,N,N,N,N,N,N,N,N,N,,,,,,,,,N,954,,,,196,0,0,0,1861,2022,1312,792,954,2022
Louisiana,Acadia Parish,22001,3,3,2020-08-25,N,N,N,N,N,N,N,N,N,,,,,,,,,N,190,,,,,,,,178,166,180,,,166
Louisiana,Ascension Parish,22005,2,3,2020-09-08,N,N,N,N,N,N,N,N,Y,Mix,Y,N,Y,N,N,N,Y,N,572,,,,,,,,503,507,339,,,507
Louisiana,Bienville Parish,22013,3,3,2020-09-08,N,N,N,N,N,N,N,N,N,,,,,,,,,N,150,,,29,18,0,3,0,38,26,29,,,26
Louisiana,Calcasieu Parish,22019,2,3,2020-09-08,N,N,N,N,N,N,N,N,N,,,,,,,,,N,,,,,,,,,1267,1293,969,1175,1420,1293
Louisiana,Livingston Parish,22063,2,3,2020-09-21,N,N,N,N,N,N,N,N,N,,,,,,,,,N,673,,,,166,0,26,0,939,951,750,671,673,951
Louisiana,Orleans Parish,22071,2,3,2020-09-08,Y,Y,Y,Y,Y,N,N,Y,Y,Mix,Y,N,Y,N,N,N,N,N,1438,23,,849,358,1,103,3,1071,1044,802,1553,1938,1044
Louisiana,Pointe Coupee Parish,22077,3,3,2020-09-21,N,N,N,N,N,N,N,N,N,,,,,,,,,N,97,,,,,,,,115,104,73,,,104
Louisiana,Rapides Parish,22079,2,3,2020-09-15,N,N,N,N,N,N,N,N,N,,,,,,,,,N,328,,,,,,,,976,865,743,1091,1196,865
Louisiana,St. Bernard Parish,22087,3,3,2020-09-12,N,N,N,N,N,N,N,N,N,,,,,,,,,N,116,,,,,,,,212,,,207,266,212
Louisiana,St. James Parish,22093,3,3,2020-09-12,N,N,N,N,N,N,N,N,N,,,,,,,,,N,396,,,,,,,,62,68,50,,,68
Louisiana,St. Mary Parish,22101,3,3,2020-09-12,N,N,N,N,N,N,N,N,N,,,,,,,,,N,320,,,,,,,,245,250,178,,,250
Louisiana,St. Tammany Parish,22103,2,3,2020-09-12,N,N,N,N,N,N,N,N,N,,,,,,,,,N,1192,,,,141,0,0,0,944,958,736,1105,1239,958
Louisiana,Tangipahoa Parish,22105,2,3,2020-09-10,N,N,N,N,N,N,N,N,N,,,,,,,,,N,526,,,,,,,,615,567,467,,,567
Louisiana,Tensas Parish,22107,3,3,2020-12-11,N,N,N,N,N,N,N,N,N,,,,,,,,,N,522,,,,,,,,18,22,18,,,22
Louisiana,Union Parish,22111,3,3,2020-09-10,N,N,N,N,N,N,N,N,N,,,,,,,,,N,380,,,,,,,,,,,330,388,330
California,Del Norte County,06015,3,4,2020-12-02,N,Y,N,N,N,Y,N,N,N,,,,,,,,,N,142,,,,,,,,110,110,48,101,105,110
California,El Dorado County,06017,2,4,2020-12-02,N,Y,N,N,N,Y,N,N,N,,,,,,,,,N,461,,,,,,,,389,387,305,396,461,387
California,Inyo County,06027,3,4,2020-12-02,N,N,N,N,N,N,N,N,Y,Releases,N,N,N,N,N,N,N,N,96,,,,,,,,39,39,,56,96,39
California,Lake County,06033,3,4,2020-12-02,N,Y,N,N,N,Y,N,N,N,,,,,,,,,N,,,,,,,,,261,261,174,307,286,261
California,Los Angeles County,06037,1,4,2020-11-11,Y,Y,Y,N,Y,Y,Y,Y,Y,Mix,Y,N,N,N,Y,N,N,N,19217,3105,17002,,4189,19,993,0,17076,17076,11795,17165,21225,17002
California,Merced County,06047,2,4,2020-11-06,N,N,N,N,N,N,N,N,N,,,,,,,,,N,753,,,,64,0,19,0,791,809,653,806,753,809
California,Napa County,06055,2,4,2020-10-20,N,N,N,N,N,N,N,N,Y,Releases,Y,N,N,N,Y,N,N,N,264,43,235,,,,,,254,254,183,,,235
California,Sacramento County,06067,1,4,2020-10-20,Y,Y,Y,Y,Y,Y,Y,N,Y,Releases,Y,N,N,N,N,N,N,N,4057,1200,,3373,1795,0,166,0,3546,3546,2400,3621,5059,3546
California,San Bernardino County,06071,1,4,2020-10-19,N,N,N,N,N,N,N,N,Y,Mix,N,N,N,N,N,N,N,N,7400,0,,5137,990,0,0,0,5506,5506,4685,5632,7630,5506
California,San Joaquin County,06077,1,4,2020-10-19,N,N,N,N,N,N,N,N,Y,Mix,Y,N,Y,N,N,N,N,N,1550,65,1230,1406,202,0,11,0,1382,1382,1145,1285,1550,1230
California,San Luis Obispo County,06079,2,4,2020-10-19,Y,Y,N,N,Y,N,N,N,N,,,,,,,,,N,683,,,428,95,0,31,0,508,508,368,553,909,508
California,San Mateo County,06081,1,4,2020-10-19,N,N,N,N,N,N,N,N,Y,Releases,Y,N,Y,N,Y,Y,N,N,1516,858,,,,,,,974,974,526,996,1360,974
California,Sutter County,06101,3,4,2020-10-19,N,N,N,N,N,N,N,N,N,,,,,,,,,N,704,,,,,,,,206,206,152,269,358,206
California,Yolo County,06113,2,4,2020-10-19,Y,Y,Y,Y,Y,Y,Y,N,Y,Mix,Y,N,Y,N,Y,Y,N,N,455,20,,,,,,,315,315,168,364,452,315
California,Yuba County,06115,3,4,2020-10-19,N,N,N,N,N,N,N,N,Y,Releases,Y,N,Y,N,N,Y,N,N,428,213,427,,,,,,394,394,255,362,426,427
Illinois,Madison County,17119,2,2,2020-07-20,N,N,N,N,N,N,N,N,Y,Releases,N,N,N,N,N,N,N,N,312,,300,,101,0,0,0,,,,,,300
Illinois,McHenry County,17111,2,2,2020-07-21,N,Y,N,N,N,Y,N,N,Y,,N,N,N,N,N,N,N,N,650,,,,55,0,16,0,208,,208,455,650,208
Illinois,Winnebago County,17201,2,2,2020-07-21,N,N,N,N,N,N,N,N,Y,,N,N,N,N,N,N,N,N,1324,,,,58,0,40,0,,,,805,1324,805
Illinois,Champaign County,17019,2,2,2020-07-21,N,N,N,N,N,N,N,N,Y,Releases,N,N,Y,N,N,Y,N,N,313,,,,29,0,0,0,,,,208,295,208
Illinois,Cook County,17031,1,2,2020-07-21,Y,Y,Y,Y,Y,Y,Y,N,Y,Mix,N,N,Y,Y,N,Y,N,N,10000,966,5555,,1491,10,1178,4,5612,5598,4071,6524,11163,5555
Illinois,DuPage County,17043,1,2,2020-07-23,N,N,N,N,N,N,N,N,Y,,N,N,N,Y,N,N,Y,N,1000,160,529,,,,,,,,,574,1056,529
Illinois,Hancock County,17067,3,2,2020-07-23,N,N,N,N,N,N,N,N,N,,,,,,,,,N,98,,,,,,,,,,,,,
Illinois,Kane County,17089,1,2,2020-07-26,N,N,N,N,N,N,N,N,Y,Releases,N,N,Y,Y,Y,N,N,N,640,119,499,,244,0,71,0,489,508,341,,,499
Illinois,Kendall County,17093,2,2,2020-07-29,N,N,N,N,N,N,N,N,N,,,,,,,,,N,203,,,,26,0,10,0,147,161,132,,,161
Illinois,Lake County,17097,1,2,2020-08-03,N,N,N,N,N,N,N,N,Y,Releases,N,N,Y,N,Y,N,N,N,740,40,479,,71,0,50,0,,,,525,636,479
Illinois,Monroe County,17133,3,2,2020-08-04,N,N,N,N,N,N,N,N,Y,,N,N,N,N,N,N,N,N,,,,,,,,,,,,,,
Illinois,Moultrie County,17139,3,2,2020-08-04,N,N,N,N,N,N,N,N,N,,,,,,,,,N,56,,,,,,,,22,25,19,,,25
Illinois,Putnam County,17155,3,2,2020-08-04,N,N,N,N,N,N,N,N,N,,,,,,,,,N,5,,,,,,,,,,,,,
Illinois,Sangamon County,17167,2,2,2020-08-04,N,N,N,N,N,N,N,N,N,,,,,,,,,N,314,,,,18,0,33,0,,,,335,314,335
Illinois,Schuyler County,17169,3,2,2020-08-04,N,N,N,N,N,N,N,N,N,,,,,,,,,N,34,,,,1,0,1,0,,,,,,
Illinois,St. Clair County,17163,2,2,2020-08-04,N,N,N,N,N,N,N,N,N,,,,,,,,,N,418,,,,200,2,37,0,294,,310,,,294
Illinois,Tazewell County,17179,2,2,2020-08-04,N,N,N,N,N,N,N,N,N,,,,,,,,,N,226,,,,46,0,19,0,,,,,,
Illinois,Will County,17197,1,2,2020-08-08,N,N,N,N,N,N,N,N,N,,,,,,,,,N,1000,,,,38,0,82,0,708,726,570,650,909,726
Michigan,Genesee County,26049,2,2,2020-10-17,Y,Y,N,Y,Y,N,N,N,Y,Mix,N,N,N,N,N,N,N,N,690,70,500,566,178,0,55,0,572,572,464,668,580,500
Michigan,Kalamazoo County,26077,2,2,2020-10-17,N,N,N,N,N,N,N,N,Y,Releases,Y,N,Y,Y,Y,Y,N,N,425,200,400,,,,,,260,,,,,400
Michigan,Washtenaw County,26161,2,2,2020-10-17,Y,Y,Y,N,Y,Y,N,Y,Y,Releases,Y,N,N,Y,Y,Y,N,Y,404,151,332,,0,0,0,0,,,,,,332
Michigan,Bay County,26017,2,2,2020-10-17,N,N,N,N,N,N,N,N,Y,Mix,Y,N,Y,N,Y,N,N,N,249,52,165,,,,,,165,165,110,205,249,165
Michigan,Cass County,26027,3,2,2020-10-17,N,N,N,N,N,N,N,N,N,,,,,,,,,N,,,,,,,,,,,,,,
Michigan,Cheboygan County,26031,3,2,2020-10-17,N,N,N,N,N,N,N,N,N,,,,,,,,,N,103,,,,,,,,,,,74,83,74
Michigan,Houghton County,26061,3,2,2020-10-17,N,N,N,N,N,N,N,N,N,,,,,,,,,N,28,,,,,,,,18,18,15,44,54,18
Michigan,Ingham County,26065,2,2,2020-10-17,N,N,N,N,N,N,N,N,Y,Releases,Y,N,Y,N,Y,N,Y,N,500,100,,,138,0,20,0,373,373,284,440,444,373
Michigan,Kent County,26081,1,2,2020-10-17,N,N,N,N,N,N,N,N,Y,Releases,Y,N,Y,N,Y,N,Y,N,1400,165,1100,750,79,1,0,0,,,,1123,1477,1100
Michigan,Leelanau County,26089,3,2,2020-10-17,N,N,N,N,N,N,N,N,Y,Mix,Y,N,N,N,N,N,Y,N,72,,,,,,,,,,,,,
Michigan,Livingston County,26093,2,2,2020-10-17,N,N,N,N,N,N,N,N,N,,,,,,,,,N,411,,,,,,,,283,283,218,,,283
Michigan,Macomb County,26099,1,2,2020-10-17,N,N,N,N,N,N,N,N,Y,Mix,Y,N,Y,Y,N,Y,N,N,1238,568,862,,143,0,0,0,862,862,460,1161,1201,862
Michigan,Manistee County,26101,3,2,2020-10-17,N,N,N,N,N,N,N,N,Y,Releases,Y,N,Y,N,Y,Y,N,N,80,4,50,,,,,,40,40,19,,,50
Michigan,Midland County,26111,3,2,2020-10-17,N,N,N,N,N,N,N,N,N,,,,,,,,,N,247,,,,,,,,116,122,68,,,122
Michigan,Oakland County,26125,1,2,2020-10-17,N,N,N,N,N,N,N,N,Y,Releases,Y,N,Y,N,N,Y,Y,N,1083,325,1283,716,151,0,60,0,1282,1282,739,1355,1508,1283
Michigan,Ottawa County,26139,2,2,2020-10-17,N,N,N,N,N,N,N,N,N,,,,,,,,,N,300,,,,,,,,,,,335,462,335
Michigan,Saginaw County,26145,2,2,2020-10-17,N,N,N,N,N,N,N,N,Y,Mix,Y,N,Y,N,Y,Y,N,N,513,73,317,,73,0,17,0,368,,275,400,513,317
Michigan,Wayne County,26163,1,2,2020-10-17,N,N,N,N,N,N,N,N,Y,Releases,N,N,Y,N,Y,Y,Y,N,,428,1381,,102,0,226,2,1410,1410,853,1874,2951,1381
Minnesota,Anoka County,27003,2,2,2020-11-02,N,N,N,N,N,N,N,N,Y,Mix,Y,N,Y,N,N,N,N,N,238,16,,,,,,,,,,302,478,302
Minnesota,Dakota County,27037,2,2,2020-11-02,N,N,N,N,N,N,N,N,N,,,,,,,,,N,263,,,,,,,,231,,72,,,231
Minnesota,Wright County,27171,2,2,2020-11-02,N,Y,N,N,N,Y,N,N,N,,,,,,,,,N,288,,,,,,,,182,174,91,,,174
Minnesota,Beltrami County,27007,3,2,2020-11-02,N,Y,N,N,N,Y,N,N,N,,,,,,,,,N,140,,,,,,,,93,107,62,,,107
Minnesota,Carver County,27019,2,2,2020-11-02,N,Y,N,N,N,Y,N,N,N,,,,,,,,,N,,,,,,,,,23,,27,,,23
Minnesota,Cass County,27021,3,2,2020-11-02,N,Y,N,N,N,Y,N,N,N,,,,,,,,,N,60,,,,,,,,5,,5,,,5
Minnesota,Cottonwood County,27033,3,2,2020-11-02,N,Y,N,N,N,Y,N,N,N,,,,,,,,,N,21,,,,,,,,,,,,,
Minnesota,Hennepin County,27053,1,2,2020-11-02,N,Y,N,N,N,N,N,N,Y,Releases,Y,N,Y,N,N,N,N,N,839,213,815,581,359,0,0,0,444,,,1252,1248,815
Minnesota,Lac qui Parle County,27073,3,2,2020-11-02,N,Y,N,N,N,Y,N,N,N,,,,,,,,,N,12,,,,,,,,4,4,0,,,4
Minnesota,Mower County,27099,3,2,2020-11-02,N,Y,N,N,N,Y,N,N,N,,,,,,,,,N,128,,,,,,,,63,62,35,,,62
Minnesota,Olmsted County,27109,2,2,2020-11-02,N,Y,N,N,N,Y,N,N,Y,Mix,N,N,N,N,N,N,N,N,292,,,,,,,,72,,71,,,72
Minnesota,Ramsey County,27123,1,2,2020-11-02,N,N,N,N,N,N,N,N,Y,Mix,N,Y,Y,N,N,Y,Y,N,1056,153,393,306,72,0,0,0,66,,,702,1056,393
Minnesota,Red Lake County,27125,3,2,2020-09-23,N,Y,N,N,N,Y,N,N,Y,Mix,N,N,N,N,N,N,N,N,200,,,,,,,,,,,,,
Minnesota,Scott County,27139,2,2,2020-09-24,N,Y,N,N,N,Y,N,N,Y,,N,N,N,N,N,N,N,N,264,25,78,,,,,,118,127,53,,,78
Minnesota,St. Louis County,27137,2,2,2020-09-24,N,Y,N,N,N,Y,N,N,Y,Releases,Y,N,Y,N,N,N,N,N,197,59,175,,,,,,104,,119,90,144,175
Minnesota,Stearns County,27145,2,2,2020-09-29,N,Y,N,N,N,Y,N,N,N,,,,,,,,,N,135,,,,,,,,,,,146,159,146
Minnesota,Wabasha County,27157,3,2,2020-09-29,N,N,N,N,N,Y,N,N,Y,Mix,N,N,N,N,N,N,N,N,72,12,18,,,,,,5,,8,,,18
Minnesota,Washington County,27163,2,2,2020-09-29,N,N,N,N,N,N,N,N,Y,Mix,Y,N,Y,N,N,N,N,N,200,,,,,,,,,,,,,
Pennsylvania,Allegheny County,42003,1,1,2020-08-20,Y,Y,Y,Y,Y,Y,Y,Y,Y,Releases,N,N,N,N,N,N,N,Y,2400,912,2488,1744,340,0,129,0,2488,2488,1709,2896,3859,2488
Pennsylvania,Armstrong County,42005,3,1,2020-09-07,N,N,N,N,N,N,N,N,N,,,,,,,,,N,158,,,,,,,,176,176,119,148,158,176
Pennsylvania,Beaver County,42007,2,1,2020-08-21,N,N,N,N,N,N,N,N,Y,,N,N,N,N,N,N,N,N,376,,,,,,,,250,250,191,,,250
Pennsylvania,Bucks County,42017,1,1,2020-08-21,N,N,N,N,N,N,N,N,Y,Releases,N,N,N,N,N,N,N,Y,712,250,909,,248,0,95,0,952,952,,1078,1178,909
Pennsylvania,Cameron County,42023,3,1,,N,N,N,N,N,N,N,N,N,,,,,,,,,N,,,,,,,,,10,,,,,10
Pennsylvania,Chester County,42029,1,1,2020-08-22,Y,Y,Y,N,Y,N,N,N,Y,Releases,N,N,N,N,N,N,N,N,912,107,746,,93,0,48,0,746,746,,841,1105,746
Pennsylvania,Cumberland County,42041,2,1,2020-08-22,N,N,N,N,N,N,N,N,Y,Releases,Y,N,N,N,N,N,Y,N,400,92,,,,,,,409,,265,,,409
Pennsylvania,Delaware County,42045,1,1,2020-08-22,N,N,N,N,N,N,N,N,Y,Releases,N,N,N,N,N,N,N,Y,1883,493,1880,,169,0,116,2,1387,,,1774,1863,1880
Pennsylvania,Lackawanna County,42069,2,1,2020-08-22,Y,Y,N,N,Y,N,N,N,N,,,,,,,,,N,1200,,,,,,,,489,,,864,1183,489
Pennsylvania,Lawrence County,42073,3,1,2020-08-22,N,N,N,N,N,N,N,N,N,,,,,,,,,N,275,,,,,,,,94,,,208,287,94
Pennsylvania,Lycoming County,42081,2,1,2020-08-25,N,N,N,N,N,N,N,N,Y,Mix,N,N,N,N,N,N,N,Y,255,44,304,,107,0,0,0,247,,240,,,304
Pennsylvania,Mercer County,42085,2,1,2020-08-25,N,N,N,N,N,N,N,N,Y,Releases,N,N,N,N,N,N,N,N,311,60,308,,,,,,294,294,171,275,311,308
Pennsylvania,Northumberland County,42097,3,1,2020-08-25,N,N,N,N,N,N,N,N,Y,Releases,N,N,N,N,N,N,N,N,284,100,248,,65,0,32,0,248,248,201,,,248
Pennsylvania,Philadelphia County,42101,1,1,2020-08-25,Y,Y,Y,Y,Y,N,Y,N,Y,Releases,N,N,N,N,N,N,N,Y,,1300,4756,,1440,0,0,0,4756,4756,3731,6158,5119,4756
Tennessee,Hamilton County,47065,2,3,2020-07-20,Y,Y,N,Y,Y,Y,N,N,Y,Mix,Y,N,N,N,N,N,Y,N,1589,480,1484,,0,0,35,0,1513,1512,976,1583,1591,1484
Tennessee,Sumner County,47165,2,3,2020-07-20,N,N,N,N,N,N,N,N,Y,Mix,Y,N,N,N,Y,Y,N,N,832,252,787,,,,,,791,790,566,724,832,787
Tennessee,Wilson County,47189,2,3,2020-07-20,N,N,N,N,N,N,N,N,Y,Mix,Y,N,N,N,N,N,Y,N,462,132,506,,92,1,38,0,514,513,336,420,462,506
Tennessee,Benton County,47005,3,3,2020-08-03,N,N,N,N,N,N,N,N,Y,Mix,Y,N,N,N,N,N,Y,N,140,45,119,,,,,,107,107,74,79,140,119
Tennessee,Bradley County,47011,2,3,2020-08-03,Y,Y,N,Y,Y,N,N,N,Y,Mix,N,N,N,N,N,N,N,N,,207,492,,55,0,32,0,481,481,278,,,492
Tennessee,Davidson County,47037,1,3,2020-07-22,Y,Y,N,Y,Y,N,N,Y,Y,Mix,N,N,N,N,N,N,N,N,2038,167,2121,1194,390,1,205,0,2072,2073,1636,2499,3505,2121
Tennessee,Hamblen County,47063,3,3,2020-08-05,N,N,N,N,N,N,N,N,Y,Mix,Y,N,N,N,N,N,Y,N,255,146,384,,106,0,0,0,363,363,197,414,255,384
Tennessee,Humphreys County,47085,3,3,2020-08-03,N,N,N,N,N,N,N,N,Y,Mix,Y,N,N,N,N,N,Y,N,68,29,97,,,,,,114,113,68,,,97
Tennessee,Knox County,47093,2,3,2020-07-22,N,Y,N,N,N,Y,N,N,Y,Mix,Y,N,Y,Y,N,N,Y,N,1371,533,1458,,129,0,0,0,1415,1395,926,1464,1371,1458
Tennessee,Lawrence County,47099,3,3,2020-07-22,N,N,N,N,N,N,N,N,Y,Mix,Y,N,Y,N,N,N,N,N,262,112,285,,,,,,280,280,174,294,261,285
Tennessee,Maury County,47119,3,3,2020-07-22,N,N,N,N,N,N,N,N,Y,Mix,Y,N,Y,N,N,N,N,N,386,95,301,,,,,,289,289,206,377,386,301
Tennessee,Meigs County,47121,3,3,2020-07-23,N,N,N,N,N,N,N,N,Y,Mix,Y,N,N,N,N,N,Y,N,56,30,80,,,,,,76,76,50,,,80
Tennessee,Montgomery County,47125,2,3,2020-07-23,N,N,N,N,N,N,N,N,Y,Mix,Y,N,N,N,N,N,Y,N,880,125,550,,30,0,0,0,574,575,478,490,736,550
Tennessee,Overton County,47133,3,3,2020-07-23,N,N,N,N,N,N,N,N,Y,Mix,Y,N,N,N,N,N,Y,N,143,119,143,,,,,,151,150,26,,,143
Tennessee,Rutherford County,47149,2,3,2020-07-24,Y,Y,N,Y,N,Y,N,Y,Y,Mix,Y,N,N,N,N,N,Y,Y,1272,250,1272,,124,0,45,0,1102,1099,796,930,1283,1272
Tennessee,Shelby County,47157,1,3,2020-08-13,Y,Y,Y,Y,Y,Y,N,N,Y,Mix,Y,N,N,N,N,N,Y,N,6866,872,4578,2210,288,0,353,1,4635,4633,3705,4590,6625,4578
Tennessee,Sullivan County,47163,2,3,2020-08-13,N,N,N,N,N,N,N,N,Y,Mix,Y,N,N,N,N,N,Y,N,619,198,901,,,,,,933,932,608,756,619,901
Tennessee,Williamson County,47187,2,3,2020-08-13,N,N,N,N,N,N,N,N,Y,Mix,Y,N,Y,N,Y,N,Y,N,454,277,327,,,,,,346,345,135,339,454,327
Texas,Dallas County,48113,1,3,2020-08-14,N,N,N,N,N,N,N,N,Y,Mix,Y,N,Y,N,N,N,Y,N,7926,1000,5879,5653,1074,2,45,0,5683,5683,4829,5057,8215,5879
Texas,Harris County,48201,1,3,2020-08-16,Y,Y,Y,Y,N,Y,N,N,Y,Mix,Y,N,Y,N,N,N,Y,N,10566,1114,9072,8616,2609,6,1196,2,9059,9059,7572,8623,10258,9072
Texas,Tarrant County,48439,1,3,2020-08-16,Y,Y,N,N,Y,Y,N,N,N,,,,,,,,,N,5000,,4102,4151,607,7,199,3,3992,3992,3494,,,4102
Texas,Travis County,48453,1,3,2020-08-16,N,N,N,N,N,N,N,N,Y,Mix,Y,N,N,N,N,N,Y,N,3167,362,2233,1863,323,0,139,0,2233,2233,1698,2441,3167,2233
Texas,Bell County,48027,2,3,2020-08-17,N,N,N,N,N,N,N,N,Y,Mix,N,N,N,N,N,N,N,N,706,42,852,,6,0,11,0,858,882,625,797,1175,852
Texas,Collin County,48085,1,3,2020-11-15,N,N,N,N,N,N,N,N,Y,Mix,N,N,N,N,N,N,N,N,1298,77,1067,912,193,0,77,1,1047,1047,931,1010,1298,1067
Texas,Denton County,48121,1,3,2020-10-01,Y,Y,N,Y,Y,N,Y,N,Y,Mix,N,N,N,N,N,N,N,N,1788,214,1229,1011,214,1,134,0,1195,1195,950,1188,1495,1229
Texas,El Paso County,48141,1,3,2020-10-01,N,N,N,N,N,N,N,N,N,,,,,,,,,N,2976,,2181,2224,1158,1,187,0,2137,2137,1729,2330,2906,2181
Texas,Fort Bend County,48157,1,3,2020-10-01,N,N,N,N,N,N,N,N,Y,Mix,N,N,N,N,N,N,N,N,1770,62,808,758,133,0,70,0,847,847,711,981,1766,808
Texas,Gregg County,48183,2,3,2020-10-01,N,N,N,N,N,N,N,N,Y,Mix,N,N,N,N,N,N,N,N,916,39,714,,223,0,133,0,739,739,587,697,916,714
Texas,Hardin County,48199,3,3,2020-10-01,N,N,N,N,N,N,N,N,Y,Policy,Y,N,Y,N,Y,N,N,N,196,18,142,,,,,,144,144,108,154,196,142
Texas,Harrison County,48203,3,3,2020-10-01,N,N,N,N,N,N,N,N,N,,,,,,,,,N,364,,199,,,,,,204,204,183,,,199
Texas,Hidalgo County,48215,1,3,2020-10-01,N,N,N,N,N,N,N,N,Y,Policy,Y,N,Y,N,N,N,N,N,1232,258,1047,,127,0,98,0,1047,1047,829,1055,1232,1047
Texas,Jefferson County,48245,2,3,2020-10-01,N,Y,N,N,N,Y,N,N,Y,Mix,Y,N,Y,Y,N,N,N,N,1716,322,1117,,459,0,106,1,1016,1016,764,945,1683,1117
Texas,Knox County,48275,3,3,2020-09-11,N,N,N,N,N,N,N,N,N,,,,,,,,,N,14,,8,,,,,,7,7,4,,,8
Texas,Nueces County,48355,2,3,2020-10-01,N,N,N,N,N,N,N,N,Y,Mix,N,N,N,N,N,N,N,N,1068,31,933,1018,416,1,114,1,900,900,786,,,933
Texas,Pecos County,48371,3,3,2020-09-11,N,N,N,N,N,N,N,N,Y,Mix,N,N,N,N,N,N,N,N,49,6,26,,12,0,4,0,31,31,17,,,26
Texas,Shackelford County,48417,3,3,2020-08-21,N,N,N,N,N,N,N,N,N,,,,,,,,,N,27,,6,,,,,,11,11,5,,,6
Texas,Wichita County,48485,2,3,2020-08-21,N,N,N,N,N,N,N,N,Y,Mix,N,N,N,N,N,N,N,N,624,40,460,414,73,0,57,0,460,460,373,,,460
Arizona,Apache County,04001,3,4,2020-10-03,N,N,N,N,N,N,N,N,N,,,,,,,,,N,150,,,,,,,,79,,76,,,79
Arizona,Cochise County,04003,2,4,2020-10-03,N,N,N,N,N,N,N,N,N,Releases,,,,,,,,N,160,100,,,33,0,26,0,229,220,170,,,220
Arizona,Coconino County,04005,2,4,2020-10-03,Y,Y,N,Y,Y,Y,N,N,Y,,N,N,N,N,N,N,N,N,477,,,300,188,0,35,0,,,,476,623,300
Arizona,Gila County,04007,3,4,2020-10-08,N,N,N,N,N,N,N,N,Y,,N,N,N,N,N,N,N,N,,,,,,,,,,,,,,
Arizona,Graham County,04009,3,4,2020-10-11,N,N,N,N,N,N,N,N,Y,,N,N,N,N,N,N,N,N,,,,,,,,,30,,,,,30
Arizona,Greenlee County,04011,3,4,2020-10-11,N,N,N,N,N,N,N,N,N,,,,,,,,,N,,,,,,,,,,,,,,
Arizona,La Paz County,04012,3,4,2020-10-11,N,N,N,N,N,N,N,N,N,Releases,,,,,,,,N,90,,,,,,,,,,,,,
Arizona,Maricopa County,04013,1,4,2020-10-11,Y,Y,Y,Y,Y,N,Y,Y,N,,,,,,,,,N,,,,,2661,0,495,0,5306,,,7532,10006,5306
Arizona,Mohave County,04015,2,4,2020-12-04,N,N,N,N,N,N,N,N,Y,Mix,Y,N,Y,N,N,N,Y,N,1100,,,391,70,0,17,0,351,,303,546,688,351
Arizona,Navajo County,04017,2,4,2020-12-04,N,N,N,N,N,N,N,N,Y,Releases,N,N,N,N,N,N,N,N,350,28,1740,,,,,,306,,248,269,444,1740
Arizona,Pima County,04019,1,4,2020-12-04,N,N,N,N,N,N,N,N,Y,,N,N,N,N,N,N,N,N,,,,1450,654,2,139,0,1606,,,1849,2105,1606
Arizona,Pinal County,04021,2,4,2020-12-04,N,N,N,N,N,N,N,N,N,,,,,,,,,N,1503,,,,85,0,0,0,,,,496,1503,496
Arizona,Santa Cruz County,04023,3,4,2020-12-04,N,N,N,N,N,N,N,N,Y,,N,N,N,N,N,N,N,N,372,,,,,,,,,,,,,
Arizona,Yavapai County,04025,2,4,2020-12-04,N,N,N,N,N,N,N,N,N,,,,,,,,,N,477,,,,15,0,60,1,473,508,398,561,797,508
Arizona,Yuma County,04027,2,4,2020-12-04,N,N,N,N,N,N,N,N,N,,,,,,,,,N,756,,,381,165,0,95,0,356,389,369,453,756,389
New Hampshire,Belknap County,33001,3,1,2020-08-22,N,N,N,N,N,N,N,N,Y,Releases,Y,N,N,N,N,Y,Y,N,72,3,,,,,,,64,,63,,,64
New Hampshire,Carroll County,33003,3,1,2020-08-22,N,N,N,N,N,N,N,N,N,,,,,,,,,N,110,,,,,,,,,,,,,
New Hampshire,Cheshire County,33005,3,1,2020-08-23,N,N,N,N,N,Y,N,N,Y,Releases,Y,N,N,N,Y,Y,Y,N,173,2,,,,,,,44,,47,,,44
New Hampshire,Coos County,33007,3,1,2020-08-23,N,N,N,N,N,N,N,N,N,,,,,,,,,N,61,,,,,,,,,,,,,
New Hampshire,Grafton County,33009,3,1,2020-08-23,N,N,N,N,N,N,N,N,N,,,,,,,,,N,150,,,,,,,,,,,,,
New Hampshire,Hillsborough County,33011,2,1,2020-08-23,Y,Y,N,N,Y,Y,N,Y,N,,,,,,,,,N,,,,,108,0,42,0,,,,417,736,417
New Hampshire,Merrimack County,33013,2,1,2020-08-23,N,N,N,N,N,N,N,N,Y,Releases,N,N,N,N,N,Y,N,N,,12,,,,,,,,,,,,
New Hampshire,Rockingham County,33015,2,1,2020-08-23,N,N,N,N,N,N,N,N,Y,Releases,Y,N,N,N,Y,N,N,N,124,12,,108,22,0,8,0,,,,189,423,108
New Hampshire,Strafford County,33017,2,1,2020-08-23,N,N,N,N,N,N,N,N,N,,,,,,,,,N,495,,,,126,0,22,0,,,,380,450,380
New Hampshire,Sullivan County,33019,3,1,2020-08-23,N,N,N,N,N,N,N,N,N,,,,,,,,,N,,,,,,,,,,,,,,
North Dakota,Adams County,38001,3,2,2020-07-20,N,N,N,N,N,N,N,N,N,,,,,,,,,N,,,,,,,,,,,,,,
North Dakota,Benson County,38005,3,2,2020-07-20,N,Y,N,N,N,Y,N,N,N,,,,,,,,,N,,,,,,,,,,,,,,
North Dakota,Burleigh County,38015,3,2,2020-07-20,N,Y,N,N,N,Y,N,N,N,,,,,,,,,N,555,,,,,,,,291,291,184,282,555,291
North Dakota,Cass County,38017,2,2,2020-07-21,Y,Y,N,Y,Y,Y,Y,N,Y,Releases,N,N,N,Y,N,N,N,N,,89,276,,63,0,22,0,179,179,87,279,358,276
North Dakota,Divide County,38023,3,2,2020-07-20,N,N,N,N,N,N,N,N,N,,,,,,,,,N,,,,,,,,,,,,,,
North Dakota,Grand Forks County,38035,3,2,2020-09-14,N,N,N,N,N,N,N,N,Y,Releases,Y,N,N,Y,N,N,N,N,,17,201,,146,0,27,0,,,,205,242,201
North Dakota,Grant County,38037,3,2,2020-09-14,N,N,N,N,N,N,N,N,N,,,,,,,,,N,154,,,,,,,,,,,,,
North Dakota,Logan County,38047,3,2,2020-09-14,N,N,N,N,N,N,N,N,N,,,,,,,,,N,,,,,,,,,,,,,,
North Dakota,McKenzie County,38053,3,2,2020-09-14,N,N,N,N,N,N,N,N,N,,,,,,,,,N,135,,,,,,,,,,,,,
North Dakota,McLean County,38055,3,2,2020-09-14,N,N,N,N,N,N,N,N,N,,,,,,,,,N,29,,,,,,,,,,,,,
North Dakota,Mercer County,38057,3,2,2020-09-14,N,N,N,N,N,N,N,N,N,,,,,,,,,N,52,,,,,,,,,,,,,
North Dakota,Richland County,38077,3,2,2020-09-14,N,N,N,N,N,N,N,N,Y,Mix,Y,N,Y,N,N,N,N,N,,47,223,,,,,,,,,,,223
North Dakota,Steele County,38091,3,2,2020-09-14,N,N,N,N,N,N,N,N,N,,,,,,,,,N,,,,,,,,,,,,,,
North Dakota,Stutsman County,38093,3,2,2020-09-14,N,Y,N,N,N,Y,N,N,Y,,Y,N,N,Y,N,N,N,N,92,35,70,,,,,,54,66,42,,,70
North Dakota,Walsh County,38099,3,2,2020-09-14,N,N,N,N,N,N,N,N,N,,,,,,,,,N,,,,,,,,,,,,,,
Oregon,Clackamas County,41005,2,4,2020-11-01,N,Y,N,N,N,Y,N,N,Y,Mix,Y,N,N,N,N,Y,N,N,434,314,466,,4,0,10,0,403,396,137,468,465,466
Oregon,Deschutes County,41017,2,4,2020-11-07,N,Y,N,N,N,Y,N,N,Y,Mix,Y,N,Y,N,Y,N,N,N,452,150,300,,,,,,266,298,142,,,300
Oregon,Douglas County,41019,2,4,2020-11-07,N,N,N,N,N,N,N,N,Y,Mix,Y,N,Y,N,N,N,N,N,283,14,151,,,,,,162,171,70,217,280,151
Oregon,Harney County,41025,3,4,2020-11-08,N,Y,N,N,N,Y,N,N,Y,Mix,N,N,N,N,N,N,N,N,,2,9,,,,,,8,6,2,,,9
Oregon,Hood River County,41027,3,4,2020-11-08,N,N,N,N,N,N,N,N,N,,,,,,,,,N,,,,,,,,,,,,,,
Oregon,Jefferson County,41031,3,4,2020-11-22,N,N,N,N,N,N,N,N,N,,,,,,,,,N,160,,,,,,,,63,56,37,,,56
Oregon,Klamath County,41035,3,4,2020-11-22,N,N,N,N,N,N,N,N,Y,Mix,Y,N,Y,N,N,N,Y,N,144,19,120,,,,,,142,142,75,,,120
Oregon,Lane County,41039,2,4,2020-11-22,Y,Y,N,Y,Y,N,N,Y,N,,,,,,,,,N,,,,260,128,0,0,0,,,,,,260
Oregon,Linn County,41043,2,4,2020-11-22,N,Y,N,N,N,Y,N,N,Y,Mix,N,N,N,N,N,N,N,N,230,92,207,,2,0,6,0,184,206,103,7,12,207
Oregon,Marion County,41047,2,4,2020-11-23,N,Y,N,N,N,Y,N,N,Y,Mix,Y,N,N,N,N,N,Y,N,,134,415,,,,,,499,511,304,,,415
Oregon,Multnomah County,41051,1,4,2020-12-02,Y,Y,N,N,N,N,N,Y,Y,Mix,Y,N,Y,Y,Y,Y,N,N,,358,1097,512,215,0,53,0,1145,,714,1088,1192,1097
Oregon,Sherman County,41055,3,4,2020-12-02,N,N,N,N,N,N,N,N,N,,,,,,,,,N,,,,,,,,,,,,,,
Oregon,Union County,41061,3,4,2020-12-02,N,Y,N,N,N,Y,N,N,N,,,,,,,,,N,37,,,,,,,,18,,20,,,18
Oregon,Wasco County,41065,3,4,2020-12-16,N,Y,N,N,N,Y,N,N,N,,,,,,,,,N,150,,,,,,,,115,122,51,146,160,122
Oregon,Washington County,41067,1,4,2020-12-16,N,N,N,N,N,N,N,N,Y,,Y,N,N,N,N,Y,Y,N,,72,890,,,,,,881,881,474,594,572,890
Hawaii,Hawaii County,15001,2,4,2021-01-26,Y,Y,Y,Y,Y,Y,Y,Y,Y,Releases,Y,Y,Y,N,N,N,N,N,226,24,331,268,1,0,1,0,,,,,,331
Hawaii,Honolulu County,15003,1,4,2021-01-26,Y,Y,Y,Y,Y,Y,Y,Y,Y,Releases,Y,N,Y,N,N,N,N,N,950,127,973,776,457,0,108,0,,,,,,973
Hawaii,Kauai County,15007,3,4,2021-01-26,Y,Y,Y,Y,Y,Y,Y,Y,Y,Releases,Y,N,Y,N,N,N,N,N,130,10,140,,,,,,,,,,,140
Hawaii,Maui County,15009,2,4,2021-01-26,Y,Y,Y,Y,Y,Y,Y,Y,Y,Releases,N,N,N,N,N,N,N,N,301,46,312,270,94,0,2,0,,,,,,312
Kentucky,Bullitt County,21029,3,3,2020-11-04,N,N,N,N,N,N,N,N,N,,,,,,,,,N,315,,,,,,,,293,310,166,,,310
Kentucky,Christian County,21047,3,3,2020-11-04,N,N,N,N,N,N,N,N,N,,,,,,,,,N,652,,,,,,,,733,781,566,847,707,781
Kentucky,Madison County,21151,3,3,2020-11-04,N,N,N,N,N,N,N,N,N,,,,,,,,,N,184,,,,60,0,12,0,355,337,239,,,337
Kentucky,Boone County,21015,2,3,2020-11-04,N,Y,N,N,N,Y,N,N,N,,,,,,,,,N,500,,,,,,,,427,440,346,590,500,440
Kentucky,Butler County,21031,3,3,2020-12-01,N,N,N,N,N,N,N,N,N,,,,,,,,,N,36,,,,46,0,34,0,53,51,28,,,51
Kentucky,Edmonson County,21061,3,3,2020-12-01,N,N,N,N,N,N,N,N,N,,,,,,,,,N,,,,,,,,,,,,,,
Kentucky,Fayette County,21067,2,3,2020-12-01,N,N,N,N,N,N,N,N,Y,Releases,Y,N,Y,N,Y,Y,N,N,,48,1150,962,622,0,86,0,1280,1262,726,1446,1500,1150
Kentucky,Fulton County,21075,3,3,2020-12-01,N,N,N,N,N,N,N,N,N,,,,,,,,,N,525,29,,,,,,,509,502,427,408,525,502
Kentucky,Grayson County,21085,3,3,2020-12-01,N,N,N,N,N,N,N,N,N,,,,,,,,,N,,,,,26,1,8,0,656,642,563,638,518,642
Kentucky,Hancock County,21091,3,3,2020-12-01,N,N,N,N,N,N,N,N,N,,,,,,,,,N,,,,,,,,,,,,,,
Kentucky,Hardin County,21093,2,3,2020-12-01,N,N,N,N,N,N,N,N,Y,Releases,Y,N,Y,N,Y,Y,N,N,648,9,,,56,0,12,0,702,732,577,779,648,732
Kentucky,Jackson County,21109,3,3,2020-12-01,N,N,N,N,N,N,N,N,N,,,,,,,,,N,,,,,,,,,141,128,81,,,128
Kentucky,Jefferson County,21111,1,3,2020-12-01,Y,Y,Y,Y,Y,Y,N,Y,Y,Mix,N,N,N,N,N,N,N,N,,1200,1800,1272,370,0,177,0,1788,1892,1232,2375,1793,1800
Kentucky,Kenton County,21117,2,3,2020-12-01,N,N,N,N,N,N,N,N,Y,Releases,Y,Y,Y,N,N,N,Y,N,650,274,716,,84,0,26,0,767,727,338,690,602,716
Kentucky,Pulaski County,21199,3,3,2020-12-01,N,N,N,N,N,N,N,N,N,,,,,,,,,N,,,,,24,0,11,0,357,366,194,,,366
Kentucky,Rowan County,21205,3,3,2020-12-01,N,N,N,N,N,N,N,N,N,,,,,,,,,N,,,,,,,,,312,332,212,123,78,332
Kentucky,Warren County,21227,2,3,2020-12-01,N,N,N,N,N,N,N,N,N,,,,,,,,,N,562,,,,321,0,16,0,653,710,518,703,562,710
Kentucky,Wolfe County,21237,3,3,2020-12-01,N,N,N,N,N,N,N,N,N,,,,,,,,,N,,,,,,,,,,,,,,
Kansas,Leavenworth County,20103,3,2,2020-11-02,N,N,N,N,N,N,N,N,N,,,,,,,,,N,,,,,,,,,,,,,,
Kansas,Reno County,20155,3,2,2020-11-02,N,N,N,N,N,N,N,N,N,,,,,,,,,N,,,,153,28,0,13,0,7,5,3,,,5
Kansas,Riley County,20161,3,2,2020-11-02,N,N,N,N,N,N,N,N,N,,,,,,,,,N,147,,,,4,0,5,0,,,,82,150,82
Kansas,Barber County,20007,3,2,2020-11-02,N,N,N,N,N,N,N,N,N,,,,,,,,,N,,,,,,,,,,,,,,
Kansas,Brown County,20013,3,2,2021-02-03,N,Y,N,N,N,Y,N,N,N,,,,,,,,,N,50,,,,,,,,11,13,12,,,13
Kansas,Butler County,20015,3,2,2021-02-03,N,N,N,N,N,N,N,N,N,,,,,,,,,N,230,,,,50,0,21,0,,,,,,
Kansas,Douglas County,20045,2,2,2021-02-09,N,N,N,N,N,N,N,N,Y,Releases,Y,N,Y,N,Y,N,N,Y,186,14,151,125,11,0,9,0,132,,,,,151
Kansas,Hodgeman County,20083,3,2,2021-02-21,N,N,N,N,N,N,N,N,N,,,,,,,,,N,8,,,,,,,,,,,,,
Kansas,Johnson County,20091,1,2,2021-02-21,N,Y,N,N,N,Y,N,N,N,,,,,,,,,N,,,,,,,,,,,,773,1081,773
Kansas,Morris County,20127,3,2,2021-02-21,N,N,N,N,N,N,N,N,N,,,,,,,,,N,,,,,,,,,,,,,,
Kansas,Ness County,20135,3,2,2021-02-21,N,N,N,N,N,N,N,N,N,,,,,,,,,N,,,,,,,,,,,,,,
Kansas,Pawnee County,20145,3,2,2021-02-21,N,N,N,N,N,N,N,N,N,,,,,,,,,N,16,,,,,,,,,,,,,
Kansas,Pratt County,20151,3,2,2021-02-21,N,Y,N,N,N,Y,N,N,N,,,,,,,,,N,,,,,,,,,13,17,8,,,17
Kansas,Republic County,20157,3,2,2021-10-20,N,N,N,N,N,N,N,N,N,,,,,,,,,N,,,,,,,,,,,,,,
Kansas,Sedgwick County,20173,1,2,2020-10-20,N,N,N,N,N,N,N,N,Y,Releases,Y,N,N,N,N,N,Y,N,,150,1600,1520,955,1,59,0,1503,,,1183,1158,1600
Kansas,Shawnee County,20177,2,2,2020-10-20,N,N,N,N,N,N,N,N,N,,,,,,,,,N,507,,,,97,0,33,0,530,550,360,553,757,550
Kansas,Washington County,20201,3,2,2020-10-20,N,N,N,N,N,N,N,N,N,,,,,,,,,N,,,,,,,,,,,,,,
Kansas,Wyandotte County,20209,2,2,2020-10-20,N,N,N,N,N,N,N,N,N,,,,,,,,,N,,,,,,,,,463,463,352,,,463
Massachusetts,Barnstable County,25001,2,1,2020-07-21,N,N,N,N,N,N,N,N,Y,Releases,N,N,N,N,N,N,N,N,588,20,250,194,0,0,10,0,,,,,,250
Massachusetts,Berkshire County,25003,2,1,2020-07-21,N,N,N,N,N,N,N,N,Y,Mix,Y,Y,N,Y,N,N,Y,Y,500,22,,132,1,0,17,0,,,,232,572,132
Massachusetts,Bristol County,25005,1,1,2020-07-21,N,N,N,N,N,N,N,N,Y,Mix,N,N,N,N,N,N,N,Y,1206,37,,87,101,0,170,0,,,,,,87
Massachusetts,Dukes County,25007,3,1,2020-07-22,N,N,N,N,N,N,N,N,N,,,,,,,,,N,44,,,,,,,,,,,,,
Massachusetts,Essex County,25009,1,1,2020-07-22,N,N,N,N,N,N,N,N,Y,Mix,N,N,N,N,N,N,N,Y,1654,187,1162,15,5,0,0,0,,,,1465,1543,1162
Massachusetts,Franklin County,25011,3,1,2020-07-22,N,N,N,N,N,N,N,N,Y,Releases,Y,N,N,Y,N,N,Y,Y,190,12,,139,24,0,20,0,,,,,,139
Massachusetts,Hampden County,25013,2,1,2020-07-22,N,N,N,N,N,N,N,N,Y,Mix,N,N,N,N,N,N,N,Y,900,435,1166,851,287,0,131,0,,,,1257,1410,1166
Massachusetts,Hampshire County,25015,2,1,2020-07-23,Y,Y,N,N,N,N,N,Y,Y,Mix,N,N,N,N,N,N,N,Y,248,15,167,107,21,0,6,0,,,,234,287,167
Massachusetts,Middlesex County,25017,1,1,2020-07-27,Y,Y,N,Y,Y,Y,Y,Y,Y,Releases,N,N,N,N,N,N,N,Y,340,226,788,544,75,0,88,0,,,,819,1488,788
Massachusetts,Nantucket County,25019,3,1,2020-07-27,N,N,N,N,N,N,N,N,N,,,,,,,,,N,,,,,,,,,,,,,,
Massachusetts,Norfolk County,25021,1,1,2020-07-27,N,N,N,N,N,N,N,N,Y,Releases,N,N,N,N,N,N,N,Y,502,70,388,357,223,1,48,0,,,,,,388
Massachusetts,Plymouth County,25023,1,1,2020-07-27,Y,Y,N,Y,Y,N,N,N,Y,Releases,N,N,N,N,N,N,N,Y,1260,53,,522,211,0,127,0,,,,1026,1140,522
Massachusetts,Suffolk County,25025,1,1,2020-07-27,Y,Y,N,N,Y,N,N,N,Y,Releases,N,N,N,N,N,N,N,Y,1892,47,,468,70,0,43,0,896,,,1622,2533,896
Massachusetts,Worcester County,25027,1,1,2020-07-27,N,N,N,N,N,N,N,N,Y,Releases,N,N,N,N,N,N,N,Y,1000,59,,561,61,0,59,0,753,753,523,,,753
New York,Albany County,36001,2,1,2021-01-21,N,N,N,N,N,N,N,N,Y,Releases,Y,N,Y,N,N,N,N,N,1043,,,,138,0,104,0,380,379,296,598,1043,379
New York,Chautauqua County,36013,2,1,2021-01-21,N,Y,N,N,N,Y,N,N,N,Releases,,,,,,,,N,,,,,91,0,25,0,152,152,73,273,303,152
New York,Chenango County,36017,3,1,2021-01-21,N,N,N,N,N,N,N,N,N,,,,,,,,,N,133,,,,,,,,65,64,58,,,64
New York,Erie County,36029,1,1,2021-01-21,N,Y,N,N,N,Y,N,N,Y,Releases,Y,N,Y,N,Y,N,N,N,638,17,,,200,0,0,0,658,657,526,,,657
New York,Franklin County,36033,3,1,2021-01-21,N,N,N,N,N,N,N,N,N,,,,,,,,,N,120,,,,,,,,61,60,47,,,60
New York,Genesee County,36037,3,1,2021-01-21,N,N,N,N,N,N,N,N,N,,,,,,,,,N,87,,,,,,,,47,46,35,,,46
New York,New York City (including Kings County),,1,1,2021-01-31,Y,Y,Y,Y,Y,Y,Y,N,Y,,N,N,N,N,N,N,N,N,,,,,,,,,,,,,,
New York,Lewis County,36049,3,1,2021-01-21,N,N,N,N,N,N,N,N,N,,,,,,,,,N,,,,,,,,,24,24,23,,,24
New York,Nassau County,36059,1,1,2021-01-21,N,N,N,N,N,N,N,N,N,,,,,,,,,N,,,,,166,0,317,0,770,768,622,,,768
New York,New York County,36061,1,1,2021-01-31,Y,Y,Y,Y,Y,Y,Y,N,N,,,,,,,,,N,,,,,577,3,1718,6,5858,5520,3815,,,5520
New York,Oneida County,36065,2,1,2021-01-21,N,Y,N,N,N,Y,N,N,Y,Releases,Y,Y,N,N,N,N,N,N,634,11,,,15,0,44,0,277,276,242,,,276
New York,Queens County,36081,1,1,2021-01-31,Y,Y,Y,Y,Y,Y,Y,N,Y,Releases,Y,Y,Y,N,N,Y,N,N,,2600,5800,,,,,,,,,8223,12125,5800
New York,Richmond County,36085,2,1,2021-01-31,Y,Y,Y,Y,Y,Y,Y,N,N,,,,,,,,,N,,,,,,,,,,,,,,
New York,St. Lawrence County,36089,2,1,2021-01-21,N,N,N,N,N,N,N,N,N,,,,,,,,,N,,,,,,,,,65,64,52,,,64
New York,Sullivan County,36105,3,1,2021-01-21,N,N,N,N,N,N,N,N,N,,,,,,,,,N,,,,,32,0,14,0,106,105,71,,,105
Virginia,Arlington County,51013,2,3,2021-02-02,Y,Y,N,Y,N,N,N,N,Y,Mix,N,N,N,N,N,N,N,N,,81,307,,4,0,36,0,302,302,226,468,509,307
Virginia,Bristol city,51520,3,3,2021-01-13,N,N,N,N,N,N,N,N,Y,Mix,Y,N,N,Y,Y,N,N,N,67,100,173,,,,,,,,,,,173
Virginia,Buchanan County,51027,3,3,2021-01-27,N,N,N,N,N,N,N,N,N,,,,,,,,,N,,,,,,,,,,,,,,
Virginia,Fairfax County,51059,1,3,2021-03-05,Y,Y,N,N,Y,N,N,N,N,,,,,,,,,N,,,,,34,0,0,1,,,,993,1260,993
Virginia,Hampton city,51650,2,3,2025-03-05,Y,Y,Y,Y,Y,N,Y,N,N,,,,,,,,,N,468,,,,7,0,1,0,,,,300,468,300
Virginia,Hanover County,51085,2,3,2021-03-05,Y,Y,N,Y,Y,Y,N,N,Y,Releases,Y,N,N,N,Y,N,N,N,519,,6,,289,0,43,0,359,388,266,436,519,6
Virginia,Martinsville city,51690,3,3,2021-02-01,N,N,N,N,N,N,N,N,N,,,,,,,,,N,66,,,,,,,,,,,,,
Virginia,Mathews County,51115,3,3,2021-02-01,N,N,N,N,N,N,N,N,N,,,,,,,,,N,159,,,,,,,,,,,,,
Virginia,Newport News city,51700,2,3,2021-02-03,N,N,N,N,N,N,N,N,N,,,,,,,,,N,,,,,,,,,,,,,,
Virginia,Prince Edward County,51147,3,3,2021-02-01,N,N,N,N,N,N,N,N,N,,,,,,,,,N,,,,,44,0,38,0,,,,673,874,673
Virginia,Prince William County,51153,2,3,2021-02-01,N,N,N,N,N,N,N,N,Y,Mix,Y,N,N,Y,N,Y,Y,N,,150,752,,120,0,79,0,,,,841,1040,752
Virginia,Pulaski County,51155,3,3,2021-02-01,N,N,N,N,N,N,N,N,N,,,,,,,,,N,,,,,187,0,0,0,,,,803,1183,803
Virginia,Richmond city,51760,2,3,2021-02-01,Y,Y,N,Y,Y,N,N,N,N,,,,,,,,,N,,,,,233,0,0,0,,,,951,1032,951
Virginia,Spotsylvania County,51177,2,3,2021-02-01,N,N,N,N,N,N,N,N,N,,,,,,,,,N,,,,,,,,,,,,,,
Virginia,Staunton City,51790,3,3,2021-02-01,N,N,N,N,N,N,N,N,N,,,,,,,,,N,396,,,,,,,,897,894,747,,,894
Montana,Cascade County,30013,3,4,2021-09-17,N,N,N,N,N,N,N,N,Y,Releases,N,N,N,N,N,N,N,N,362,29,,,307,0,37,0,419,,373,476,365,419
Montana,Lewis and Clark County,30049,3,4,2021-09-17,N,Y,N,N,N,Y,N,N,N,,,,,,,,,N,80,,,99,26,0,58,0,118,117,84,,,117
Montana,Silver Bow County,30093,3,4,2021-09-17,N,Y,N,N,N,Y,N,N,N,,,,,,,,,N,72,,,,,,,,82,,78,,,82
Montana,Big Horn County,30003,3,4,2021-09-17,N,N,N,N,N,N,N,N,N,,,,,,,,,N,60,,,,33,0,0,0,44,49,28,,,49
Montana,Daniels County,30019,3,4,2021-09-19,N,N,N,N,N,N,N,N,N,,,,,,,,,N,,,,,,,,,,,,,,
Montana,Gallatin County,30031,2,4,2021-09-19,N,N,N,N,N,N,N,N,Y,Releases,N,N,N,N,N,N,N,N,90,100,170,,,,,,,,,,,170
Montana,Granite County,30039,3,4,2021-09-20,N,N,N,N,N,N,N,N,N,,,,,,,,,N,165,,,,,,,,,,,,,
Montana,Lake County,30047,3,4,2021-09-20,N,N,N,N,N,N,N,N,N,,,,,,,,,N,100,,,,,,,,55,57,44,,,57
Montana,Lincoln County,30053,3,4,2021-09-21,N,N,N,N,N,N,N,N,N,,,,,,,,,N,29,,,,,,,,,,,,,
Montana,Madison County,30057,3,4,2021-09-21,N,N,N,N,N,N,N,N,N,,,,,,,,,N,72,,,,,,,,,,,,,
Montana,Mineral County,30061,3,4,2021-09-21,N,N,N,N,N,N,N,N,N,,,,,,,,,N,,,,,,,,,,,,,,
Montana,Missoula County,30063,2,4,2021-09-21,N,N,N,N,N,N,N,N,Y,Releases,N,N,N,N,N,N,N,N,394,73,194,188,38,0,3,0,248,,259,361,392,194
Montana,Musselshell County,30065,3,4,2021-09-24,N,N,N,N,N,N,N,N,N,,,,,,,,,N,,,,,,,,,,,,,,
Montana,Petroleum County,30069,3,4,2021-09-24,N,N,N,N,N,N,N,N,N,,,,,,,,,N,,,,,,,,,,,,,,
Montana,Ravalli County,30081,3,4,2021-09-24,N,N,N,N,N,N,N,N,N,,,,,,,,,N,50,,,,,,,,42,47,27,,,47
Montana,Teton County,30099,3,4,2021-09-25,N,N,N,N,N,N,N,N,N,,,,,,,,,N,,,,,,,,,,,,,,
Montana,Valley County,30105,3,4,2021-09-25,N,N,N,N,N,N,N,N,Y,,N,N,N,N,N,N,N,N,,0,27,,,,,,31,32,19,,,27
Montana,Yellowstone County,30111,2,4,2021-09-25,N,N,N,N,N,N,N,N,Y,Releases,Y,N,Y,N,N,N,N,N,274,70,486,,108,0,23,0,454,,367,,,486
Nevada,Carson City,32510,3,4,2021-03-03,N,N,N,N,N,N,N,N,N,,,,,,,,,N,,,,,,,,,,,,,,
Nevada,Esmeralda County,32009,3,4,2021-03-03,N,N,N,N,N,N,N,N,N,,,,,,,,,N,,,,,,,,,,,,,,
Nevada,Churchill County,32001,3,4,2021-03-03,N,N,N,N,N,N,N,N,N,,,,,,,,,N,80,,,,,,,,,,,,,
Nevada,Clark County,32003,1,4,2021-03-03,N,N,N,N,N,N,N,N,Y,Releases,Y,Y,N,N,Y,Y,N,N,4000,115,2900,3185,1227,0,379,0,394,,600,5075,5812,2900
Nevada,Douglas County,32005,3,4,2021-03-03,N,N,N,N,N,N,N,N,N,,,,,,,,,N,98,,,,,,,,,,,55,140,55
Nevada,Elko County,32007,3,4,2021-03-03,N,N,N,N,N,N,N,N,N,,,,,,,,,N,,,,,47,0,10,0,,,,177,212,177
Nevada,Eureka County,32011,3,4,2021-03-03,N,N,N,N,N,N,N,N,N,,,,,,,,,N,119,,,,,,,,,,,,,
Nevada,Humboldt County,32013,3,4,2021-03-03,N,N,N,N,N,N,N,N,N,,,,,,,,,N,84,,,,,,,,,,,,,
Nevada,Lander County,32015,3,4,2021-03-03,N,N,N,N,N,N,N,N,N,,,,,,,,,N,,,,,,,,,,,,,,
Nevada,Lincoln County,32017,3,4,2021-03-02,N,N,N,N,N,N,N,N,N,,,,,,,,,N,,,,,,,,,,,,,,
Nevada,Lyon County,32019,3,4,2021-03-02,N,N,N,N,N,N,N,N,N,,,,,,,,,N,,,,,,,,,,,,,,
Nevada,Mineral County,32021,3,4,2021-03-02,N,N,N,N,N,N,N,N,N,,,,,,,,,N,,,,,,,,,,,,,,
Nevada,Nye County,32023,3,4,2021-03-02,N,N,N,N,N,N,N,N,N,,,,,,,,,N,,,,,117,0,0,0,,,,173,231,173
Nevada,Pershing County,32027,3,4,2021-03-02,N,N,N,N,N,N,N,N,N,,,,,,,,,N,1680,,,,,,,,,,,,,
Nevada,Storey County,32029,3,4,2021-03-02,N,N,N,N,N,N,N,N,N,,,,,,,,,N,,,,,,,,,,,,,,
Nevada,Washoe County,32031,2,4,2021-03-02,N,N,N,N,N,N,N,N,N,,,,,,,,,N,,,,,162,0,0,0,,,,1114,1367,1114
Nevada,White Pine County,32033,3,4,2021-03-02,N,N,N,N,N,N,N,N,N,,,,,,,,,N,40,,,,,,,,,,,,,
